-- Table TIPOS_DOCUMENTOS
INSERT INTO TIPOS_DOCUMENTOS (TDOC_CODIGO,TDOC_NOMBRE)VALUES(10,'CEDULA');

INSERT INTO TIPOS_DOCUMENTOS (TDOC_CODIGO,TDOC_NOMBRE)VALUES(20,'TARJETA DE IDENTIDAD');

INSERT INTO TIPOS_DOCUMENTOS (TDOC_CODIGO,TDOC_NOMBRE)VALUES(30,'CEDULA DE EXTRANJERIA');


-- Table TIPOS_USUARIOS
INSERT INTO TIPOS_USUARIOS (TUSU_CODIGO,TUSU_NOMBRE)VALUES(10,'CAJERO');

INSERT INTO TIPOS_USUARIOS (TUSU_CODIGO,TUSU_NOMBRE)VALUES(20,'ASESOR COMERCIAL');

INSERT INTO TIPOS_USUARIOS (TUSU_CODIGO,TUSU_NOMBRE)VALUES(30,'ADMINISTRADOR');



--CLIENTES
INSERT INTO CLIENTES (TDOC_CODIGO,CLI_ID,CLI_NOMBRE,CLI_DIRECCION,CLI_TELEFONO,CLI_MAIL)VALUES(10, 101234, 'John Smith','CALLE 100 # 54-09','555-4562','smith@usbcali.edu.co');

INSERT INTO CLIENTES (TDOC_CODIGO,CLI_ID,CLI_NOMBRE,CLI_DIRECCION,CLI_TELEFONO,CLI_MAIL)VALUES(10, 151234, 'Logan Pardo','CARRERA 64B # 14-09','434-4562','logan@usbcali.edu.co');

INSERT INTO CLIENTES (TDOC_CODIGO,CLI_ID,CLI_NOMBRE,CLI_DIRECCION,CLI_TELEFONO,CLI_MAIL)VALUES(10, 201234, 'Jacob Martin','AVE 6 # 100-09','465-4562','jmartin@usbcali.edu.co');

INSERT INTO CLIENTES (TDOC_CODIGO,CLI_ID,CLI_NOMBRE,CLI_DIRECCION,CLI_TELEFONO,CLI_MAIL)VALUES(10, 251234, 'Benjamin Jares','CRA 15 # 80-09','865-4562','bjares@usbcali.edu.co');

INSERT INTO CLIENTES (TDOC_CODIGO,CLI_ID,CLI_NOMBRE,CLI_DIRECCION,CLI_TELEFONO,CLI_MAIL)VALUES(10, 301234, 'Jack Nicols','CALLE 90 # 76-14','144-4562','jnicols@usbcali.edu.co');

INSERT INTO CLIENTES (TDOC_CODIGO,CLI_ID,CLI_NOMBRE,CLI_DIRECCION,CLI_TELEFONO,CLI_MAIL)VALUES(10, 351234, 'Noah Gooshling','CALLE 100 # 60-89','890-4562','ngooshling@usbcali.edu.co');

INSERT INTO CLIENTES (TDOC_CODIGO,CLI_ID,CLI_NOMBRE,CLI_DIRECCION,CLI_TELEFONO,CLI_MAIL)VALUES(10, 401234, 'William Navarro','AVE 6A # 90-09','657-4562','wnavarro@usbcali.edu.co');

INSERT INTO CLIENTES (TDOC_CODIGO,CLI_ID,CLI_NOMBRE,CLI_DIRECCION,CLI_TELEFONO,CLI_MAIL)VALUES(10, 451234, 'Andrew Manchers','CARRERA 8 # 43-19','781-4562','amanchers@usbcali.edu.co');

INSERT INTO CLIENTES (TDOC_CODIGO,CLI_ID,CLI_NOMBRE,CLI_DIRECCION,CLI_TELEFONO,CLI_MAIL)VALUES(10, 501234, 'Samuel Salgado','AVE 78 # 1-09','123-4762','ssalgado@usbcali.edu.co');

INSERT INTO CLIENTES (TDOC_CODIGO,CLI_ID,CLI_NOMBRE,CLI_DIRECCION,CLI_TELEFONO,CLI_MAIL)VALUES(10, 551234, 'Joseph Mejia','CALLE 1 # 9-09','755-4532','jmejia@usbcali.edu.co');

INSERT INTO CLIENTES (TDOC_CODIGO,CLI_ID,CLI_NOMBRE,CLI_DIRECCION,CLI_TELEFONO,CLI_MAIL)VALUES(10, 601234, 'Daniel Salsedo','CALLE 9 # 7-09','855-4552','dsalsedo@usbcali.edu.co');

INSERT INTO CLIENTES (TDOC_CODIGO,CLI_ID,CLI_NOMBRE,CLI_DIRECCION,CLI_TELEFONO,CLI_MAIL)VALUES(10, 651234, 'Anthony Gomez','CALLE 15 # 107-99','955-4562','agomez@usbcali.edu.co');

INSERT INTO CLIENTES (TDOC_CODIGO,CLI_ID,CLI_NOMBRE,CLI_DIRECCION,CLI_TELEFONO,CLI_MAIL)VALUES(10, 701234, 'Angel Smith','CALLE 16 # 67-96','355-4569','asmith@usbcali.edu.co');

INSERT INTO CLIENTES (TDOC_CODIGO,CLI_ID,CLI_NOMBRE,CLI_DIRECCION,CLI_TELEFONO,CLI_MAIL)VALUES(10, 751234, 'Jacob Williams','AVE 6 # 65-109','155-4562','jwilliams@usbcali.edu.co');

INSERT INTO CLIENTES (TDOC_CODIGO,CLI_ID,CLI_NOMBRE,CLI_DIRECCION,CLI_TELEFONO,CLI_MAIL)VALUES(10, 801234, 'Logan Vertis','CARRERA 44 # 67-09','755-5562','lvertis@usbcali.edu.co');


--CUENTAS

INSERT INTO CUENTAS (CLI_ID,CUE_NUMERO,CUE_SALDO,CUE_ACTIVA,CUE_CLAVE)VALUES(101234,'4008-5305-0010',100000,'S','1234');

INSERT INTO CUENTAS (CLI_ID,CUE_NUMERO,CUE_SALDO,CUE_ACTIVA,CUE_CLAVE)VALUES(151234,'4008-5305-0015',100000,'S','1234');

INSERT INTO CUENTAS (CLI_ID,CUE_NUMERO,CUE_SALDO,CUE_ACTIVA,CUE_CLAVE)VALUES(201234,'4008-5305-0020',100000,'S','1234');

INSERT INTO CUENTAS (CLI_ID,CUE_NUMERO,CUE_SALDO,CUE_ACTIVA,CUE_CLAVE)VALUES(251234,'4008-5305-0025',100000,'S','1234');

INSERT INTO CUENTAS (CLI_ID,CUE_NUMERO,CUE_SALDO,CUE_ACTIVA,CUE_CLAVE)VALUES(301234,'4008-5305-0030',100000,'S','1234');

INSERT INTO CUENTAS (CLI_ID,CUE_NUMERO,CUE_SALDO,CUE_ACTIVA,CUE_CLAVE)VALUES(351234,'4008-5305-0035',100000,'S','1234');

INSERT INTO CUENTAS (CLI_ID,CUE_NUMERO,CUE_SALDO,CUE_ACTIVA,CUE_CLAVE)VALUES(401234,'4008-5305-0040',100000,'S','1234');

INSERT INTO CUENTAS (CLI_ID,CUE_NUMERO,CUE_SALDO,CUE_ACTIVA,CUE_CLAVE)VALUES(451234,'4008-5305-0045',100000,'S','1234');

INSERT INTO CUENTAS (CLI_ID,CUE_NUMERO,CUE_SALDO,CUE_ACTIVA,CUE_CLAVE)VALUES(501234,'4008-5305-0050',100000,'S','1234');

INSERT INTO CUENTAS (CLI_ID,CUE_NUMERO,CUE_SALDO,CUE_ACTIVA,CUE_CLAVE)VALUES(551234,'4008-5305-0055',100000,'S','1234');

INSERT INTO CUENTAS (CLI_ID,CUE_NUMERO,CUE_SALDO,CUE_ACTIVA,CUE_CLAVE)VALUES(601234,'4008-5305-0060',100000,'S','1234');

INSERT INTO CUENTAS (CLI_ID,CUE_NUMERO,CUE_SALDO,CUE_ACTIVA,CUE_CLAVE)VALUES(651234,'4008-5305-0065',100000,'S','1234');

INSERT INTO CUENTAS (CLI_ID,CUE_NUMERO,CUE_SALDO,CUE_ACTIVA,CUE_CLAVE)VALUES(701234,'4008-5305-0070',100000,'S','1234');

INSERT INTO CUENTAS (CLI_ID,CUE_NUMERO,CUE_SALDO,CUE_ACTIVA,CUE_CLAVE)VALUES(751234,'4008-5305-0075',100000,'S','1234');

INSERT INTO CUENTAS (CLI_ID,CUE_NUMERO,CUE_SALDO,CUE_ACTIVA,CUE_CLAVE)VALUES(801234,'4008-5305-0080',100000,'S','1234');


--USUARIOS

INSERT INTO USUARIOS (USU_CEDULA,TUSU_CODIGO,USU_NOMBRE,USU_LOGIN,USU_CLAVE) VALUES (10,10,'LUIS FERNANDO TORRES','lftorres','1234');

INSERT INTO USUARIOS (USU_CEDULA,TUSU_CODIGO,USU_NOMBRE,USU_LOGIN,USU_CLAVE) VALUES (15,10,'NATALIA JURADO','njurado','1234');

INSERT INTO USUARIOS (USU_CEDULA,TUSU_CODIGO,USU_NOMBRE,USU_LOGIN,USU_CLAVE) VALUES (20,20,'ARIEL MARTINEZ','amartinez','1234');

INSERT INTO USUARIOS (USU_CEDULA,TUSU_CODIGO,USU_NOMBRE,USU_LOGIN,USU_CLAVE) VALUES (25,20,'PEDRO FERNANDEZ','pfernandez','1234');



--CONSIGNACIONES
INSERT INTO CONSIGNACIONES(CUE_NUMERO,CON_CODIGO,USU_CEDULA,CON_VALOR,CON_FECHA,CON_DESCRIPCION)VALUES('4008-5305-0010',1,20,100000,TO_TIMESTAMP('23-02-2008','DD-MM-YYYY'),'APERTURA DE CUENTA');

INSERT INTO CONSIGNACIONES(CUE_NUMERO,CON_CODIGO,USU_CEDULA,CON_VALOR,CON_FECHA,CON_DESCRIPCION)VALUES('4008-5305-0015',2,25,100000,TO_TIMESTAMP('17-03-2008','DD-MM-YYYY'),'APERTURA DE CUENTA');

INSERT INTO CONSIGNACIONES(CUE_NUMERO,CON_CODIGO,USU_CEDULA,CON_VALOR,CON_FECHA,CON_DESCRIPCION)VALUES('4008-5305-0020',3,20,100000,TO_TIMESTAMP('20-04-2008','DD-MM-YYYY'),'APERTURA DE CUENTA');

INSERT INTO CONSIGNACIONES(CUE_NUMERO,CON_CODIGO,USU_CEDULA,CON_VALOR,CON_FECHA,CON_DESCRIPCION)VALUES('4008-5305-0025',4,25,100000,TO_TIMESTAMP('20-05-2008','DD-MM-YYYY'),'APERTURA DE CUENTA');

INSERT INTO CONSIGNACIONES(CUE_NUMERO,CON_CODIGO,USU_CEDULA,CON_VALOR,CON_FECHA,CON_DESCRIPCION)VALUES('4008-5305-0030',5,20,100000,TO_TIMESTAMP('20-05-2008','DD-MM-YYYY'),'APERTURA DE CUENTA');

INSERT INTO CONSIGNACIONES(CUE_NUMERO,CON_CODIGO,USU_CEDULA,CON_VALOR,CON_FECHA,CON_DESCRIPCION)VALUES('4008-5305-0035',6,25,100000,TO_TIMESTAMP('20-05-2008','DD-MM-YYYY'),'APERTURA DE CUENTA');

INSERT INTO CONSIGNACIONES(CUE_NUMERO,CON_CODIGO,USU_CEDULA,CON_VALOR,CON_FECHA,CON_DESCRIPCION)VALUES('4008-5305-0040',7,20,100000,TO_TIMESTAMP('20-02-2008','DD-MM-YYYY'),'APERTURA DE CUENTA');

INSERT INTO CONSIGNACIONES(CUE_NUMERO,CON_CODIGO,USU_CEDULA,CON_VALOR,CON_FECHA,CON_DESCRIPCION)VALUES('4008-5305-0045',8,20,100000,TO_TIMESTAMP('09-02-2008','DD-MM-YYYY'),'APERTURA DE CUENTA');

INSERT INTO CONSIGNACIONES(CUE_NUMERO,CON_CODIGO,USU_CEDULA,CON_VALOR,CON_FECHA,CON_DESCRIPCION)VALUES('4008-5305-0050',9,20,100000,TO_TIMESTAMP('13-05-2008','DD-MM-YYYY'),'APERTURA DE CUENTA');

INSERT INTO CONSIGNACIONES(CUE_NUMERO,CON_CODIGO,USU_CEDULA,CON_VALOR,CON_FECHA,CON_DESCRIPCION)VALUES('4008-5305-0055',10,20,100000,TO_TIMESTAMP('05-03-2008','DD-MM-YYYY'),'APERTURA DE CUENTA');

INSERT INTO CONSIGNACIONES(CUE_NUMERO,CON_CODIGO,USU_CEDULA,CON_VALOR,CON_FECHA,CON_DESCRIPCION)VALUES('4008-5305-0060',11,20,100000,TO_TIMESTAMP('20-04-2008','DD-MM-YYYY'),'APERTURA DE CUENTA');

INSERT INTO CONSIGNACIONES(CUE_NUMERO,CON_CODIGO,USU_CEDULA,CON_VALOR,CON_FECHA,CON_DESCRIPCION)VALUES('4008-5305-0065',12,20,100000,TO_TIMESTAMP('22-05-2008','DD-MM-YYYY'),'APERTURA DE CUENTA');

INSERT INTO CONSIGNACIONES(CUE_NUMERO,CON_CODIGO,USU_CEDULA,CON_VALOR,CON_FECHA,CON_DESCRIPCION)VALUES('4008-5305-0070',13,25,100000,TO_TIMESTAMP('09-05-2008','DD-MM-YYYY'),'APERTURA DE CUENTA');

INSERT INTO CONSIGNACIONES(CUE_NUMERO,CON_CODIGO,USU_CEDULA,CON_VALOR,CON_FECHA,CON_DESCRIPCION)VALUES('4008-5305-0075',14,25,100000,TO_TIMESTAMP('08-05-2008','DD-MM-YYYY'),'APERTURA DE CUENTA');

INSERT INTO CONSIGNACIONES(CUE_NUMERO,CON_CODIGO,USU_CEDULA,CON_VALOR,CON_FECHA,CON_DESCRIPCION)VALUES('4008-5305-0080',15,25,100000,TO_TIMESTAMP('10-05-2008','DD-MM-YYYY'),'APERTURA DE CUENTA');

--RETIROS
INSERT INTO retiros(CUE_NUMERO,RET_CODIGO,USU_CEDULA,RET_VALOR,RET_FECHA,RET_DESCRIPCION)VALUES('4008-5305-0010',1,20,100000,TO_TIMESTAMP('23-02-2008','DD-MM-YYYY'),'APERTURA DE CUENTA');

INSERT INTO retiros(CUE_NUMERO,RET_CODIGO,USU_CEDULA,RET_VALOR,RET_FECHA,RET_DESCRIPCION)VALUES('4008-5305-0015',2,25,100000,TO_TIMESTAMP('17-03-2008','DD-MM-YYYY'),'APERTURA DE CUENTA');

INSERT INTO retiros(CUE_NUMERO,RET_CODIGO,USU_CEDULA,RET_VALOR,RET_FECHA,RET_DESCRIPCION)VALUES('4008-5305-0020',3,20,100000,TO_TIMESTAMP('20-04-2008','DD-MM-YYYY'),'APERTURA DE CUENTA');

INSERT INTO retiros(CUE_NUMERO,RET_CODIGO,USU_CEDULA,RET_VALOR,RET_FECHA,RET_DESCRIPCION)VALUES('4008-5305-0025',4,25,100000,TO_TIMESTAMP('20-05-2008','DD-MM-YYYY'),'APERTURA DE CUENTA');

INSERT INTO retiros(CUE_NUMERO,RET_CODIGO,USU_CEDULA,RET_VALOR,RET_FECHA,RET_DESCRIPCION)VALUES('4008-5305-0030',5,20,100000,TO_TIMESTAMP('20-05-2008','DD-MM-YYYY'),'APERTURA DE CUENTA');

INSERT INTO retiros(CUE_NUMERO,RET_CODIGO,USU_CEDULA,RET_VALOR,RET_FECHA,RET_DESCRIPCION)VALUES('4008-5305-0035',6,25,100000,TO_TIMESTAMP('20-05-2008','DD-MM-YYYY'),'APERTURA DE CUENTA');

INSERT INTO retiros(CUE_NUMERO,RET_CODIGO,USU_CEDULA,RET_VALOR,RET_FECHA,RET_DESCRIPCION)VALUES('4008-5305-0040',7,20,100000,TO_TIMESTAMP('20-02-2008','DD-MM-YYYY'),'APERTURA DE CUENTA');

INSERT INTO retiros(CUE_NUMERO,RET_CODIGO,USU_CEDULA,RET_VALOR,RET_FECHA,RET_DESCRIPCION)VALUES('4008-5305-0045',8,20,100000,TO_TIMESTAMP('09-02-2008','DD-MM-YYYY'),'APERTURA DE CUENTA');

INSERT INTO retiros(CUE_NUMERO,RET_CODIGO,USU_CEDULA,RET_VALOR,RET_FECHA,RET_DESCRIPCION)VALUES('4008-5305-0050',9,20,100000,TO_TIMESTAMP('13-05-2008','DD-MM-YYYY'),'APERTURA DE CUENTA');

INSERT INTO retiros(CUE_NUMERO,RET_CODIGO,USU_CEDULA,RET_VALOR,RET_FECHA,RET_DESCRIPCION)VALUES('4008-5305-0055',10,20,100000,TO_TIMESTAMP('05-03-2008','DD-MM-YYYY'),'APERTURA DE CUENTA');

INSERT INTO retiros(CUE_NUMERO,RET_CODIGO,USU_CEDULA,RET_VALOR,RET_FECHA,RET_DESCRIPCION)VALUES('4008-5305-0060',11,20,100000,TO_TIMESTAMP('20-04-2008','DD-MM-YYYY'),'APERTURA DE CUENTA');

INSERT INTO retiros(CUE_NUMERO,RET_CODIGO,USU_CEDULA,RET_VALOR,RET_FECHA,RET_DESCRIPCION)VALUES('4008-5305-0065',12,20,100000,TO_TIMESTAMP('22-05-2008','DD-MM-YYYY'),'APERTURA DE CUENTA');

INSERT INTO retiros(CUE_NUMERO,RET_CODIGO,USU_CEDULA,RET_VALOR,RET_FECHA,RET_DESCRIPCION)VALUES('4008-5305-0070',13,25,100000,TO_TIMESTAMP('09-05-2008','DD-MM-YYYY'),'APERTURA DE CUENTA');

INSERT INTO retiros(CUE_NUMERO,RET_CODIGO,USU_CEDULA,RET_VALOR,RET_FECHA,RET_DESCRIPCION)VALUES('4008-5305-0075',14,25,100000,TO_TIMESTAMP('08-05-2008','DD-MM-YYYY'),'APERTURA DE CUENTA');

INSERT INTO retiros(CUE_NUMERO,RET_CODIGO,USU_CEDULA,RET_VALOR,RET_FECHA,RET_DESCRIPCION)VALUES('4008-5305-0080',15,25,100000,TO_TIMESTAMP('10-05-2008','DD-MM-YYYY'),'APERTURA DE CUENTA');
